niv_active_side,quarter,technology,technology_sp_weight,side_quarter_sp_weight,share,share_pct
bid,2023Q1,CCGT,1132.0083333333334,2066.0,0.5479227170054857,54.79227170054857
bid,2023Q1,WIND,328.5,2066.0,0.1590029041626331,15.90029041626331
bid,2023Q1,PS,231.66898656898655,2066.0,0.1121340690072539,11.21340690072539
bid,2023Q1,BIOMASS,170.56540126540125,2066.0,0.08255827747599286,8.255827747599286
bid,2023Q1,OTHER,38.42657342657343,2066.0,0.018599503110635733,1.8599503110635733
bid,2023Q1,NPSHYD,38.09417526917527,2066.0,0.018438613392630816,1.8438613392630816
bid,2023Q1,NEMO,34.5,2066.0,0.01669893514036786,1.669893514036786
bid,2023Q1,COAL,32.21904761904762,2066.0,0.015594892361591298,1.5594892361591297
bid,2023Q1,BritNed,31.0,2066.0,0.015004840271055178,1.5004840271055178
bid,2023Q1,BATTERY,16.226573426573427,2066.0,0.007854101368138154,0.7854101368138154
bid,2023Q1,DSR,5.290909090909091,2066.0,0.0025609434128311187,0.25609434128311187
bid,2023Q1,Eleclink,3.0,2066.0,0.001452081316553727,0.14520813165537272
bid,2023Q1,IFA,2.5,2066.0,0.0012100677637947724,0.12100677637947724
bid,2023Q1,IFA2,2.0,2066.0,0.000968054211035818,0.0968054211035818
bid,2023Q2,CCGT,1713.5166666666667,2425.0,0.7066048109965636,70.66048109965635
bid,2023Q2,PS,168.06666666666666,2425.0,0.06930584192439862,6.930584192439862
bid,2023Q2,BIOMASS,120.81666666666666,2425.0,0.049821305841924395,4.982130584192439
bid,2023Q2,WIND,112.0,2425.0,0.04618556701030928,4.618556701030927
bid,2023Q2,BATTERY,92.15,2425.0,0.038,3.8
bid,2023Q2,OTHER,89.53333333333333,2425.0,0.036920962199312714,3.6920962199312712
bid,2023Q2,DSR,32.583333333333336,2425.0,0.013436426116838488,1.343642611683849
bid,2023Q2,IFA,26.0,2425.0,0.010721649484536083,1.0721649484536082
bid,2023Q2,IFA2,24.0,2425.0,0.009896907216494845,0.9896907216494845
bid,2023Q2,NEMO,18.0,2425.0,0.007422680412371134,0.7422680412371134
bid,2023Q2,BritNed,17.0,2425.0,0.0070103092783505155,0.7010309278350515
bid,2023Q2,NPSHYD,7.0,2425.0,0.00288659793814433,0.28865979381443296
bid,2023Q2,Eleclink,3.0,2425.0,0.0012371134020618556,0.12371134020618556
bid,2023Q2,COAL,1.3333333333333333,2425.0,0.000549828178694158,0.054982817869415807
bid,2023Q3,CCGT,1251.1333333333334,2308.0,0.5420854997111497,54.20854997111497
bid,2023Q3,WIND,443.0,2308.0,0.19194107452339687,19.194107452339686
bid,2023Q3,BATTERY,166.95634920634922,2308.0,0.07233810624191907,7.233810624191907
bid,2023Q3,PS,107.16666666666667,2308.0,0.04643269786250722,4.643269786250722
bid,2023Q3,BIOMASS,97.53333333333333,2308.0,0.04225880993645292,4.2258809936452915
bid,2023Q3,OTHER,95.0952380952381,2308.0,0.04120244284888999,4.120244284888999
bid,2023Q3,NEMO,30.0,2308.0,0.012998266897746967,1.2998266897746966
bid,2023Q3,DSR,29.9484126984127,2308.0,0.012975915380594756,1.2975915380594756
bid,2023Q3,IFA2,22.0,2308.0,0.009532062391681109,0.9532062391681109
bid,2023Q3,IFA,15.0,2308.0,0.006499133448873483,0.6499133448873483
bid,2023Q3,NPSHYD,15.0,2308.0,0.006499133448873483,0.6499133448873483
bid,2023Q3,COAL,13.166666666666666,2308.0,0.005704794916233391,0.5704794916233391
bid,2023Q3,BritNed,12.0,2308.0,0.005199306759098787,0.5199306759098787
bid,2023Q3,Eleclink,5.0,2308.0,0.002166377816291161,0.21663778162911612
bid,2023Q3,OCGT,3.0,2308.0,0.0012998266897746968,0.12998266897746968
bid,2023Q3,DIESEL,2.0,2308.0,0.0008665511265164644,0.08665511265164644
bid,2023Q4,CCGT,873.1714285714286,2121.0,0.4116791270963831,41.16791270963831
bid,2023Q4,WIND,540.3333333333334,2121.0,0.25475404683325475,25.475404683325475
bid,2023Q4,BIOMASS,189.8357142857143,2121.0,0.08950292988482522,8.950292988482522
bid,2023Q4,PS,185.53333333333333,2121.0,0.08747446173188747,8.747446173188747
bid,2023Q4,BATTERY,108.62478354978354,2121.0,0.05121394792540478,5.121394792540478
bid,2023Q4,COAL,41.635714285714286,2121.0,0.019630228328955345,1.9630228328955346
bid,2023Q4,BritNed,39.666666666666664,2121.0,0.0187018701870187,1.87018701870187
bid,2023Q4,NPSHYD,30.666666666666668,2121.0,0.01445858871601446,1.445858871601446
bid,2023Q4,NEMO,29.0,2121.0,0.013672795851013672,1.3672795851013673
bid,2023Q4,OTHER,28.123160173160173,2121.0,0.013259387163206116,1.3259387163206116
bid,2023Q4,DSR,26.266341991341992,2121.0,0.012383942475880242,1.238394247588024
bid,2023Q4,IFA,22.0,2121.0,0.010372465818010372,1.0372465818010372
bid,2023Q4,Eleclink,4.0,2121.0,0.001885902876001886,0.1885902876001886
bid,2023Q4,DIESEL,1.0,2121.0,0.0004714757190004715,0.04714757190004715
bid,2023Q4,IFA2,1.0,2121.0,0.0004714757190004715,0.04714757190004715
bid,2023Q4,GAS,0.14285714285714285,2121.0,6.73536741429245e-05,0.00673536741429245
bid,2024Q1,CCGT,1003.962987012987,2173.0,0.4620170211748675,46.20170211748675
bid,2024Q1,BATTERY,271.6439393939394,2173.0,0.12500871578184047,12.500871578184046
bid,2024Q1,WIND,259.0,2173.0,0.11919005982512655,11.919005982512655
bid,2024Q1,PS,181.9,2173.0,0.08370915784629544,8.370915784629544
bid,2024Q1,BIOMASS,114.34285714285714,2173.0,0.052619814607849584,5.261981460784958
bid,2024Q1,OTHER,110.16067821067821,2173.0,0.05069520396257626,5.0695203962576265
bid,2024Q1,DSR,71.68585858585858,2173.0,0.03298935047669516,3.2989350476695165
bid,2024Q1,COAL,43.80367965367965,2173.0,0.02015815906750099,2.015815906750099
bid,2024Q1,NPSHYD,34.0,2173.0,0.015646571560055222,1.5646571560055222
bid,2024Q1,IFA,32.666666666666664,2173.0,0.015032980518484429,1.503298051848443
bid,2024Q1,BritNed,24.333333333333332,2173.0,0.011198036508666973,1.1198036508666973
bid,2024Q1,NEMO,16.0,2173.0,0.007363092498849517,0.7363092498849517
bid,2024Q1,Viking,4.0,2173.0,0.0018407731247123793,0.18407731247123793
bid,2024Q1,Eleclink,3.0,2173.0,0.0013805798435342844,0.13805798435342845
bid,2024Q1,OCGT,2.25,2173.0,0.0010354348826507134,0.10354348826507134
bid,2024Q1,GAS,0.25,2173.0,0.0001150483202945237,0.01150483202945237
bid,2024Q2,CCGT,883.0199855699856,2235.0,0.3950872418657654,39.508724186576536
bid,2024Q2,WIND,367.0,2235.0,0.16420581655480984,16.420581655480984
bid,2024Q2,BATTERY,248.56935425685427,2235.0,0.11121671331402876,11.121671331402876
bid,2024Q2,BIOMASS,227.56666666666666,2235.0,0.10181953765846383,10.181953765846382
bid,2024Q2,PS,138.39107142857142,2235.0,0.06191994247363375,6.191994247363375
bid,2024Q2,OTHER,87.32662337662337,2235.0,0.0390723147098986,3.9072314709898603
bid,2024Q2,DSR,76.48535353535354,2235.0,0.03422163469143335,3.4221634691433347
bid,2024Q2,IFA,39.5,2235.0,0.01767337807606264,1.7673378076062638
bid,2024Q2,NEMO,37.5,2235.0,0.016778523489932886,1.6778523489932886
bid,2024Q2,BritNed,35.0,2235.0,0.015659955257270694,1.5659955257270695
bid,2024Q2,Viking,34.0,2235.0,0.015212527964205816,1.5212527964205815
bid,2024Q2,NPSHYD,20.22222222222222,2235.0,0.009047974148645289,0.9047974148645289
bid,2024Q2,IFA2,19.0,2235.0,0.008501118568232663,0.8501118568232663
bid,2024Q2,COAL,12.808008658008658,2235.0,0.005730652643404321,0.5730652643404321
bid,2024Q2,Eleclink,5.0,2235.0,0.0022371364653243847,0.22371364653243847
bid,2024Q2,OCGT,2.0,2235.0,0.0008948545861297539,0.0894854586129754
bid,2024Q2,GAS,1.6107142857142858,2235.0,0.0007206775327580697,0.07206775327580697
bid,2024Q3,CCGT,871.4087301587301,2193.0,0.3973592020787643,39.73592020787643
bid,2024Q3,BATTERY,339.55505050505053,2193.0,0.1548358643433883,15.48358643433883
bid,2024Q3,WIND,238.0,2193.0,0.10852713178294573,10.852713178294573
bid,2024Q3,BIOMASS,200.53333333333333,2193.0,0.09144246846025232,9.144246846025233
bid,2024Q3,OTHER,153.78506493506492,2193.0,0.07012542860696075,7.012542860696075
bid,2024Q3,PS,132.25,2193.0,0.060305517555859556,6.030551755585956
bid,2024Q3,DSR,115.19877344877345,2193.0,0.05253022045087709,5.253022045087709
bid,2024Q3,NPSHYD,43.0,2193.0,0.0196078431372549,1.9607843137254901
bid,2024Q3,IFA,29.0,2193.0,0.013223894208846329,1.322389420884633
bid,2024Q3,Viking,22.0,2193.0,0.010031919744642043,1.0031919744642042
bid,2024Q3,OCGT,16.05952380952381,2193.0,0.0073230842724686775,0.7323084272468677
bid,2024Q3,COAL,14.542857142857143,2193.0,0.006631489805224415,0.6631489805224415
bid,2024Q3,BritNed,6.0,2193.0,0.0027359781121751026,0.27359781121751026
bid,2024Q3,IFA2,5.0,2193.0,0.002279981760145919,0.22799817601459188
bid,2024Q3,DIESEL,3.6666666666666665,2193.0,0.001671986624107007,0.1671986624107007
bid,2024Q3,NEMO,2.0,2193.0,0.0009119927040583675,0.09119927040583675
bid,2024Q3,GAS,1.0,2193.0,0.00045599635202918376,0.045599635202918376
bid,2024Q4,CCGT,866.4325396825396,2268.0,0.3820249293132891,38.202492931328905
bid,2024Q4,BATTERY,502.23382173382174,2268.0,0.22144348400962158,22.14434840096216
bid,2024Q4,OTHER,264.23296703296705,2268.0,0.11650483555245461,11.650483555245462
bid,2024Q4,DSR,150.72851037851038,2268.0,0.0664587788265037,6.645877882650369
bid,2024Q4,WIND,142.0,2268.0,0.06261022927689594,6.261022927689594
bid,2024Q4,PS,126.82692307692308,2268.0,0.05592016008682676,5.592016008682676
bid,2024Q4,BIOMASS,117.87857142857143,2268.0,0.05197467876039305,5.197467876039305
bid,2024Q4,NPSHYD,43.0,2268.0,0.01895943562610229,1.8959435626102292
bid,2024Q4,OCGT,34.666666666666664,2268.0,0.015285126396237506,1.5285126396237505
bid,2024Q4,IFA,7.0,2268.0,0.0030864197530864196,0.30864197530864196
bid,2024Q4,DIESEL,3.5,2268.0,0.0015432098765432098,0.15432098765432098
bid,2024Q4,BritNed,3.0,2268.0,0.0013227513227513227,0.13227513227513227
bid,2024Q4,NEMO,3.0,2268.0,0.0013227513227513227,0.13227513227513227
bid,2024Q4,Viking,2.0,2268.0,0.0008818342151675485,0.08818342151675485
bid,2024Q4,GAS,1.5,2268.0,0.0006613756613756613,0.06613756613756613
bid,2025Q1,CCGT,974.95,2299.0,0.4240756850804698,42.40756850804698
bid,2025Q1,BATTERY,587.1654761904762,2299.0,0.25540038111808444,25.540038111808443
bid,2025Q1,OTHER,231.3059523809524,2299.0,0.10061154953499452,10.061154953499452
bid,2025Q1,WIND,121.0,2299.0,0.05263157894736842,5.263157894736842
bid,2025Q1,PS,109.0,2299.0,0.047411918225315354,4.741191822531535
bid,2025Q1,DSR,94.98571428571428,2299.0,0.04131610016777481,4.131610016777481
bid,2025Q1,BIOMASS,82.83333333333333,2299.0,0.036030158039727415,3.6030158039727413
bid,2025Q1,OCGT,42.87619047619047,2299.0,0.0186499306116531,1.8649930611653098
bid,2025Q1,NPSHYD,23.05,2299.0,0.010026098303610266,1.0026098303610267
bid,2025Q1,IFA,9.5,2299.0,0.004132231404958678,0.4132231404958678
bid,2025Q1,NEMO,6.0,2299.0,0.0026098303610265334,0.26098303610265333
bid,2025Q1,GAS,5.833333333333333,2299.0,0.0025373350732202406,0.25373350732202404
bid,2025Q1,Viking,4.0,2299.0,0.0017398869073510222,0.17398869073510223
bid,2025Q1,IFA2,3.0,2299.0,0.0013049151805132667,0.13049151805132667
bid,2025Q1,DIESEL,2.5,2299.0,0.001087429317094389,0.1087429317094389
bid,2025Q1,BritNed,1.0,2299.0,0.00043497172683775554,0.04349717268377556
bid,2025Q2,CCGT,713.9416666666667,2210.0,0.3230505279034691,32.30505279034691
bid,2025Q2,BATTERY,564.7416666666667,2210.0,0.2555392156862745,25.55392156862745
bid,2025Q2,WIND,408.4,2210.0,0.18479638009049773,18.479638009049772
bid,2025Q2,OTHER,177.06666666666666,2210.0,0.08012066365007542,8.012066365007541
bid,2025Q2,BIOMASS,102.75,2210.0,0.04649321266968326,4.649321266968326
bid,2025Q2,DSR,73.5,2210.0,0.0332579185520362,3.32579185520362
bid,2025Q2,PS,31.6,2210.0,0.014298642533936652,1.4298642533936652
bid,2025Q2,Viking,31.0,2210.0,0.014027149321266969,1.402714932126697
bid,2025Q2,NEMO,25.0,2210.0,0.011312217194570135,1.1312217194570136
bid,2025Q2,IFA,20.0,2210.0,0.00904977375565611,0.904977375565611
bid,2025Q2,BritNed,17.0,2210.0,0.007692307692307693,0.7692307692307693
bid,2025Q2,NPSHYD,13.0,2210.0,0.0058823529411764705,0.5882352941176471
bid,2025Q2,OCGT,13.0,2210.0,0.0058823529411764705,0.5882352941176471
bid,2025Q2,Eleclink,6.0,2210.0,0.0027149321266968325,0.27149321266968324
bid,2025Q2,IFA2,6.0,2210.0,0.0027149321266968325,0.27149321266968324
bid,2025Q2,SOLAR,6.0,2210.0,0.0027149321266968325,0.27149321266968324
bid,2025Q2,DIESEL,1.0,2210.0,0.00045248868778280545,0.04524886877828054
bid,2025Q3,BATTERY,833.5190476190476,2434.0,0.34244825292483466,34.24482529248347
bid,2025Q3,CCGT,766.5,2434.0,0.31491372226787184,31.491372226787185
bid,2025Q3,OTHER,246.03095238095239,2434.0,0.10108091716555151,10.108091716555151
bid,2025Q3,WIND,196.0,2434.0,0.08052588331963846,8.052588331963847
bid,2025Q3,BIOMASS,154.0,2434.0,0.06327033689400165,6.327033689400165
bid,2025Q3,DSR,63.28333333333333,2434.0,0.025999726102437688,2.5999726102437686
bid,2025Q3,PS,61.333333333333336,2434.0,0.02519857573267598,2.519857573267598
bid,2025Q3,NPSHYD,19.5,2434.0,0.00801150369761709,0.8011503697617091
bid,2025Q3,IFA2,18.0,2434.0,0.007395234182415777,0.7395234182415776
bid,2025Q3,Viking,18.0,2434.0,0.007395234182415777,0.7395234182415776
bid,2025Q3,NEMO,15.0,2434.0,0.006162695152013147,0.6162695152013147
bid,2025Q3,OCGT,13.833333333333334,2434.0,0.00568337441796768,0.568337441796768
bid,2025Q3,Eleclink,8.0,2434.0,0.003286770747740345,0.3286770747740345
bid,2025Q3,IFA,8.0,2434.0,0.003286770747740345,0.3286770747740345
bid,2025Q3,SOLAR,6.0,2434.0,0.0024650780608052587,0.24650780608052586
bid,2025Q3,GAS,4.0,2434.0,0.0016433853738701725,0.16433853738701726
bid,2025Q3,BritNed,3.0,2434.0,0.0012325390304026294,0.12325390304026293
bid,2025Q4,BATTERY,815.6238095238095,2255.0,0.36169570267131246,36.16957026713125
bid,2025Q4,CCGT,758.25,2255.0,0.33625277161862527,33.62527716186253
bid,2025Q4,OTHER,244.17619047619047,2255.0,0.10828212437968535,10.828212437968535
bid,2025Q4,WIND,127.0,2255.0,0.05631929046563193,5.631929046563193
bid,2025Q4,PS,119.33333333333333,2255.0,0.05291943828529194,5.291943828529194
bid,2025Q4,BIOMASS,75.0,2255.0,0.03325942350332594,3.325942350332594
bid,2025Q4,DSR,55.61666666666667,2255.0,0.024663710273466373,2.4663710273466375
bid,2025Q4,NPSHYD,22.5,2255.0,0.009977827050997782,0.9977827050997782
bid,2025Q4,OCGT,21.5,2255.0,0.009534368070953437,0.9534368070953437
bid,2025Q4,BritNed,3.0,2255.0,0.0013303769401330377,0.13303769401330376
bid,2025Q4,IFA2,3.0,2255.0,0.0013303769401330377,0.13303769401330376
bid,2025Q4,NEMO,3.0,2255.0,0.0013303769401330377,0.13303769401330376
bid,2025Q4,DIESEL,2.0,2255.0,0.0008869179600886918,0.08869179600886917
bid,2025Q4,Eleclink,2.0,2255.0,0.0008869179600886918,0.08869179600886917
bid,2025Q4,Viking,2.0,2255.0,0.0008869179600886918,0.08869179600886917
bid,2025Q4,GAS,1.0,2255.0,0.0004434589800443459,0.044345898004434586
offer,2023Q1,CCGT,1146.0833333333333,2162.0,0.5301032994141227,53.01032994141227
offer,2023Q1,PS,720.3333333333334,2162.0,0.33317915510329943,33.31791551032994
offer,2023Q1,BATTERY,69.05839029391662,2162.0,0.031941901153522946,3.1941901153522947
offer,2023Q1,NPSHYD,46.5,2162.0,0.02150786308973173,2.150786308973173
offer,2023Q1,OTHER,43.85001840264998,2162.0,0.020282154672826076,2.0282154672826076
offer,2023Q1,BIOMASS,36.5,2162.0,0.016882516188714152,1.6882516188714152
offer,2023Q1,COAL,26.333333333333332,2162.0,0.012180080172679617,1.2180080172679617
offer,2023Q1,DSR,19.22041905462958,2162.0,0.00889011057105901,0.889011057105901
offer,2023Q1,OCGT,16.455263157894738,2162.0,0.007611130045279712,0.7611130045279713
offer,2023Q1,DIESEL,11.0,2162.0,0.005087881591119334,0.5087881591119334
offer,2023Q1,GAS,9.665909090909091,2162.0,0.004470818265915398,0.4470818265915398
offer,2023Q1,NEMO,8.0,2162.0,0.0037002775208140612,0.37002775208140615
offer,2023Q1,IFA2,3.0,2162.0,0.0013876040703052729,0.13876040703052728
offer,2023Q1,BritNed,2.0,2162.0,0.0009250693802035153,0.09250693802035154
offer,2023Q1,IFA,2.0,2162.0,0.0009250693802035153,0.09250693802035154
offer,2023Q1,Eleclink,1.0,2162.0,0.00046253469010175765,0.04625346901017577
offer,2023Q1,WIND,1.0,2162.0,0.00046253469010175765,0.04625346901017577
offer,2023Q2,CCGT,930.526923076923,1843.0,0.5048979506657206,50.489795066572064
offer,2023Q2,PS,484.5416666666667,1843.0,0.26290920600470247,26.290920600470248
offer,2023Q2,BATTERY,131.03568376068375,1843.0,0.07109912303889515,7.109912303889515
offer,2023Q2,OTHER,65.47070707070706,1843.0,0.03552398647352527,3.552398647352527
offer,2023Q2,DSR,59.542784992784995,1843.0,0.03230753390818502,3.230753390818502
offer,2023Q2,NPSHYD,48.083333333333336,1843.0,0.026089708808102734,2.6089708808102734
offer,2023Q2,COAL,46.5,1843.0,0.025230602278893108,2.5230602278893106
offer,2023Q2,DIESEL,42.76353646353646,1843.0,0.023203221087106055,2.3203221087106054
offer,2023Q2,BIOMASS,6.0,1843.0,0.0032555615843733042,0.32555615843733043
offer,2023Q2,BritNed,6.0,1843.0,0.0032555615843733042,0.32555615843733043
offer,2023Q2,NEMO,6.0,1843.0,0.0032555615843733042,0.32555615843733043
offer,2023Q2,GAS,5.853546453546453,1843.0,0.003176096827751738,0.3176096827751738
offer,2023Q2,OCGT,5.681818181818182,1843.0,0.0030829181670201746,0.30829181670201744
offer,2023Q2,IFA,3.0,1843.0,0.0016277807921866521,0.16277807921866522
offer,2023Q2,Eleclink,1.0,1843.0,0.0005425935973955507,0.05425935973955508
offer,2023Q2,WIND,1.0,1843.0,0.0005425935973955507,0.05425935973955508
offer,2023Q3,CCGT,921.3095238095239,1926.0,0.47835385452207885,47.83538545220789
offer,2023Q3,PS,422.81944444444446,1926.0,0.21953242182992963,21.953242182992962
offer,2023Q3,BATTERY,176.42314907314906,1926.0,0.09160080429550833,9.160080429550833
offer,2023Q3,OTHER,78.59838772338772,1926.0,0.04080913173592301,4.080913173592301
offer,2023Q3,COAL,67.0,1926.0,0.0347871235721703,3.47871235721703
offer,2023Q3,DSR,60.52449494949495,1926.0,0.031424971417183256,3.1424971417183256
offer,2023Q3,NPSHYD,59.35,1926.0,0.03081516095534787,3.0815160955347873
offer,2023Q3,DIESEL,35.175,1926.0,0.018263239875389407,1.8263239875389408
offer,2023Q3,BritNed,34.0,1926.0,0.017653167185877467,1.7653167185877467
offer,2023Q3,BIOMASS,26.0,1926.0,0.013499480789200415,1.3499480789200415
offer,2023Q3,NEMO,13.0,1926.0,0.006749740394600207,0.6749740394600208
offer,2023Q3,IFA,11.0,1926.0,0.005711318795430945,0.5711318795430945
offer,2023Q3,OCGT,6.6,1926.0,0.0034267912772585666,0.3426791277258567
offer,2023Q3,WIND,6.0,1926.0,0.003115264797507788,0.3115264797507788
offer,2023Q3,GAS,4.2,1926.0,0.0021806853582554517,0.21806853582554517
offer,2023Q3,Eleclink,4.0,1926.0,0.0020768431983385254,0.20768431983385255
offer,2023Q4,CCGT,1236.45,2196.0,0.5630464480874318,56.30464480874318
offer,2023Q4,PS,535.5666666666667,2196.0,0.243882817243473,24.388281724347298
offer,2023Q4,BATTERY,140.46602564102565,2196.0,0.06396449255055812,6.3964492550558125
offer,2023Q4,BIOMASS,60.75,2196.0,0.027663934426229508,2.7663934426229506
offer,2023Q4,DSR,41.239102564102566,2196.0,0.018779190602961095,1.8779190602961096
offer,2023Q4,OTHER,37.978205128205126,2196.0,0.0172942646303302,1.72942646303302
offer,2023Q4,NPSHYD,30.6,2196.0,0.013934426229508197,1.3934426229508197
offer,2023Q4,DIESEL,30.083333333333332,2196.0,0.013699149969641772,1.3699149969641773
offer,2023Q4,BritNed,23.0,2196.0,0.010473588342440802,1.0473588342440803
offer,2023Q4,COAL,20.866666666666667,2196.0,0.009502125075895568,0.9502125075895568
offer,2023Q4,OCGT,13.666666666666666,2196.0,0.006223436551305404,0.6223436551305404
offer,2023Q4,IFA,9.0,2196.0,0.004098360655737705,0.4098360655737705
offer,2023Q4,NEMO,7.0,2196.0,0.0031876138433515485,0.31876138433515483
offer,2023Q4,GAS,3.3333333333333335,2196.0,0.0015179113539769279,0.1517911353976928
offer,2023Q4,IFA2,3.0,2196.0,0.001366120218579235,0.1366120218579235
offer,2023Q4,WIND,2.0,2196.0,0.0009107468123861566,0.09107468123861566
offer,2023Q4,Eleclink,1.0,2196.0,0.0004553734061930783,0.04553734061930783
offer,2024Q1,CCGT,902.7833333333333,2050.0,0.4403821138211382,44.038211382113815
offer,2024Q1,PS,485.25,2050.0,0.23670731707317072,23.67073170731707
offer,2024Q1,BATTERY,265.30569985569986,2050.0,0.12941741456375602,12.941741456375603
offer,2024Q1,DSR,94.51554834054834,2050.0,0.0461051455319748,4.61051455319748
offer,2024Q1,OTHER,83.169227994228,2050.0,0.04057035511913561,4.05703551191356
offer,2024Q1,BIOMASS,38.5,2050.0,0.018780487804878048,1.8780487804878048
offer,2024Q1,DIESEL,37.5,2050.0,0.018292682926829267,1.8292682926829267
offer,2024Q1,NPSHYD,36.46666666666667,2050.0,0.017788617886178863,1.7788617886178864
offer,2024Q1,OCGT,36.03333333333333,2050.0,0.017577235772357723,1.7577235772357722
offer,2024Q1,COAL,28.833333333333332,2050.0,0.014065040650406504,1.4065040650406504
offer,2024Q1,GAS,12.642857142857142,2050.0,0.006167247386759582,0.6167247386759581
offer,2024Q1,BritNed,10.0,2050.0,0.004878048780487805,0.4878048780487805
offer,2024Q1,NEMO,7.0,2050.0,0.0034146341463414634,0.34146341463414637
offer,2024Q1,Viking,6.0,2050.0,0.002926829268292683,0.2926829268292683
offer,2024Q1,Eleclink,4.0,2050.0,0.001951219512195122,0.1951219512195122
offer,2024Q1,IFA,2.0,2050.0,0.000975609756097561,0.0975609756097561
offer,2024Q2,CCGT,745.3539682539682,1916.0,0.3890156410511316,38.90156410511316
offer,2024Q2,BATTERY,373.03414502164503,1916.0,0.1946942301783116,19.46942301783116
offer,2024Q2,PS,344.3702380952381,1916.0,0.17973394472611592,17.97339447261159
offer,2024Q2,DSR,116.68861832611833,1916.0,0.060902201631585766,6.090220163158577
offer,2024Q2,OTHER,100.12842712842713,1916.0,0.05225909557851103,5.225909557851103
offer,2024Q2,DIESEL,52.843650793650795,1916.0,0.027580193524869935,2.7580193524869934
offer,2024Q2,NPSHYD,52.56309523809524,1916.0,0.027433765781886867,2.7433765781886867
offer,2024Q2,OCGT,40.625,1916.0,0.02120302713987474,2.120302713987474
offer,2024Q2,COAL,33.416666666666664,1916.0,0.017440848990953373,1.7440848990953373
offer,2024Q2,BIOMASS,25.5,1916.0,0.013308977035490605,1.3308977035490606
offer,2024Q2,NEMO,10.0,1916.0,0.005219206680584551,0.5219206680584552
offer,2024Q2,BritNed,8.0,1916.0,0.0041753653444676405,0.41753653444676403
offer,2024Q2,GAS,5.476190476190476,1916.0,0.002858136991748683,0.2858136991748683
offer,2024Q2,Viking,5.0,1916.0,0.0026096033402922755,0.2609603340292276
offer,2024Q2,IFA2,2.0,1916.0,0.0010438413361169101,0.10438413361169101
offer,2024Q2,WIND,1.0,1916.0,0.0005219206680584551,0.052192066805845504
offer,2024Q3,CCGT,840.2,1979.0,0.4245578575037898,42.45578575037898
offer,2024Q3,BATTERY,394.51411366411367,1979.0,0.19935023429212415,19.935023429212414
offer,2024Q3,PS,376.41142191142194,1979.0,0.19020284078394237,19.020284078394237
offer,2024Q3,OTHER,98.64917027417027,1979.0,0.049847989021814185,4.984798902181418
offer,2024Q3,DSR,92.15612165612166,1979.0,0.0465670144801019,4.65670144801019
offer,2024Q3,NPSHYD,43.41083916083916,1979.0,0.021935744901889417,2.193574490188942
offer,2024Q3,OCGT,40.53333333333333,1979.0,0.02048172477682331,2.048172477682331
offer,2024Q3,DIESEL,38.166666666666664,1979.0,0.019285834596597606,1.9285834596597606
offer,2024Q3,BIOMASS,22.0,1979.0,0.011116725618999495,1.1116725618999495
offer,2024Q3,COAL,9.0,1979.0,0.004547751389590703,0.4547751389590703
offer,2024Q3,Viking,6.5,1979.0,0.003284487114704396,0.32844871147043964
offer,2024Q3,GAS,3.458333333333333,1979.0,0.00174751558025939,0.174751558025939
offer,2024Q3,BritNed,3.0,1979.0,0.0015159171298635675,0.15159171298635674
offer,2024Q3,IFA,3.0,1979.0,0.0015159171298635675,0.15159171298635674
offer,2024Q3,NEMO,3.0,1979.0,0.0015159171298635675,0.15159171298635674
offer,2024Q3,Eleclink,2.0,1979.0,0.001010611419909045,0.1010611419909045
offer,2024Q3,WIND,2.0,1979.0,0.001010611419909045,0.1010611419909045
offer,2024Q3,IFA2,1.0,1979.0,0.0005053057099545225,0.05053057099545225
offer,2024Q4,CCGT,915.2325757575758,1957.0,0.46767121908920584,46.767121908920586
offer,2024Q4,BATTERY,417.2162698412698,1957.0,0.21319175771143067,21.31917577114307
offer,2024Q4,PS,257.0833333333333,1957.0,0.13136603645034917,13.136603645034917
offer,2024Q4,OTHER,102.75227272727273,1957.0,0.05250499372880568,5.250499372880569
offer,2024Q4,DSR,84.12824675324676,1957.0,0.04298837340482716,4.2988373404827165
offer,2024Q4,OCGT,42.69444444444444,1957.0,0.02181627207176517,2.181627207176517
offer,2024Q4,DIESEL,27.433333333333334,1957.0,0.014018054845852496,1.4018054845852497
offer,2024Q4,BritNed,25.666666666666668,1957.0,0.01311531255322773,1.311531255322773
offer,2024Q4,NPSHYD,23.642857142857142,1957.0,0.012081173808307175,1.2081173808307175
offer,2024Q4,Viking,23.0,1957.0,0.011752682677567705,1.1752682677567705
offer,2024Q4,BIOMASS,14.0,1957.0,0.007153806847215125,0.7153806847215125
offer,2024Q4,NEMO,6.333333333333333,1957.0,0.0032362459546925564,0.32362459546925565
offer,2024Q4,IFA2,6.0,1957.0,0.0030659172202350538,0.3065917220235054
offer,2024Q4,GAS,5.816666666666666,1957.0,0.002972236416283427,0.2972236416283427
offer,2024Q4,IFA,3.0,1957.0,0.0015329586101175269,0.1532958610117527
offer,2024Q4,WIND,3.0,1957.0,0.0015329586101175269,0.1532958610117527
offer,2025Q1,CCGT,719.9761904761905,1892.0,0.3805370985603544,38.05370985603544
offer,2025Q1,BATTERY,469.0138888888889,1892.0,0.24789317594550153,24.789317594550152
offer,2025Q1,PS,342.4428571428571,1892.0,0.18099516762307458,18.09951676230746
offer,2025Q1,OTHER,139.38015873015874,1892.0,0.07366816000536931,7.366816000536931
offer,2025Q1,DSR,77.30595238095238,1892.0,0.04085938286519682,4.085938286519681
offer,2025Q1,OCGT,39.726190476190474,1892.0,0.020996929427161984,2.0996929427161986
offer,2025Q1,DIESEL,24.678571428571427,1892.0,0.01304364240410752,1.3043642404107518
offer,2025Q1,BIOMASS,14.0,1892.0,0.007399577167019027,0.7399577167019027
offer,2025Q1,NPSHYD,14.0,1892.0,0.007399577167019027,0.7399577167019027
offer,2025Q1,NEMO,13.0,1892.0,0.006871035940803382,0.6871035940803383
offer,2025Q1,GAS,10.476190476190476,1892.0,0.005537098560354375,0.5537098560354374
offer,2025Q1,IFA,10.0,1892.0,0.005285412262156448,0.5285412262156448
offer,2025Q1,IFA2,8.0,1892.0,0.004228329809725159,0.42283298097251587
offer,2025Q1,BritNed,5.0,1892.0,0.002642706131078224,0.2642706131078224
offer,2025Q1,Viking,5.0,1892.0,0.002642706131078224,0.2642706131078224
offer,2025Q2,CCGT,955.6666666666666,1994.0,0.4792711467736543,47.92711467736543
offer,2025Q2,BATTERY,548.0833333333334,1994.0,0.27486626546305587,27.486626546305587
offer,2025Q2,OTHER,146.14285714285714,1994.0,0.07329130247886516,7.329130247886516
offer,2025Q2,PS,93.33333333333333,1994.0,0.04680708793045804,4.680708793045804
offer,2025Q2,DSR,91.02380952380952,1994.0,0.045648851315852314,4.564885131585231
offer,2025Q2,DIESEL,41.416666666666664,1994.0,0.020770645269140756,2.0770645269140755
offer,2025Q2,OCGT,25.833333333333332,1994.0,0.012955533266466064,1.2955533266466064
offer,2025Q2,BIOMASS,24.0,1994.0,0.012036108324974924,1.2036108324974923
offer,2025Q2,Viking,21.0,1994.0,0.01053159478435306,1.053159478435306
offer,2025Q2,NPSHYD,13.0,1994.0,0.006519558676028084,0.6519558676028084
offer,2025Q2,NEMO,10.5,1994.0,0.00526579739217653,0.526579739217653
offer,2025Q2,WIND,7.0,1994.0,0.003510531594784353,0.3510531594784353
offer,2025Q2,BritNed,6.5,1994.0,0.003259779338014042,0.3259779338014042
offer,2025Q2,GAS,6.5,1994.0,0.003259779338014042,0.3259779338014042
offer,2025Q2,IFA,2.0,1994.0,0.0010030090270812437,0.10030090270812438
offer,2025Q2,IFA2,2.0,1994.0,0.0010030090270812437,0.10030090270812438
offer,2025Q3,CCGT,735.1444444444444,1825.0,0.4028188736681887,40.28188736681887
offer,2025Q3,BATTERY,592.8563492063493,1825.0,0.3248527940856708,32.48527940856708
offer,2025Q3,OTHER,178.31031746031746,1825.0,0.09770428353989997,9.770428353989997
offer,2025Q3,PS,112.0,1825.0,0.06136986301369863,6.136986301369863
offer,2025Q3,DSR,62.22222222222222,1825.0,0.03409436834094368,3.409436834094368
offer,2025Q3,BIOMASS,35.0,1825.0,0.019178082191780823,1.9178082191780823
offer,2025Q3,NPSHYD,29.8,1825.0,0.016328767123287673,1.6328767123287673
offer,2025Q3,OCGT,26.666666666666668,1825.0,0.014611872146118723,1.4611872146118723
offer,2025Q3,DIESEL,20.0,1825.0,0.010958904109589041,1.095890410958904
offer,2025Q3,GAS,13.0,1825.0,0.007123287671232876,0.7123287671232876
offer,2025Q3,WIND,6.0,1825.0,0.0032876712328767125,0.32876712328767127
offer,2025Q3,BritNed,5.5,1825.0,0.0030136986301369864,0.3013698630136986
offer,2025Q3,NEMO,4.0,1825.0,0.002191780821917808,0.2191780821917808
offer,2025Q3,Viking,3.5,1825.0,0.0019178082191780822,0.1917808219178082
offer,2025Q3,IFA2,1.0,1825.0,0.000547945205479452,0.0547945205479452
offer,2025Q4,CCGT,880.6666666666666,1957.0,0.45000851643672285,45.000851643672284
offer,2025Q4,BATTERY,526.8071428571428,1957.0,0.2691911818380904,26.919118183809037
offer,2025Q4,PS,204.0,1957.0,0.10424118548799183,10.424118548799182
offer,2025Q4,OTHER,131.69285714285715,1957.0,0.06729323308270677,6.7293233082706765
offer,2025Q4,DSR,89.33333333333333,1957.0,0.045648100834610794,4.564810083461079
offer,2025Q4,OCGT,34.583333333333336,1957.0,0.017671606199965936,1.7671606199965935
offer,2025Q4,DIESEL,20.166666666666668,1957.0,0.010304888434678932,1.0304888434678932
offer,2025Q4,BritNed,18.0,1957.0,0.009197751660705161,0.9197751660705161
offer,2025Q4,BIOMASS,12.5,1957.0,0.006387327542156361,0.6387327542156361
offer,2025Q4,NEMO,9.0,1957.0,0.004598875830352581,0.45988758303525806
offer,2025Q4,GAS,8.95,1957.0,0.004573326520183955,0.4573326520183955
offer,2025Q4,NPSHYD,8.3,1957.0,0.004241185487991825,0.4241185487991825
offer,2025Q4,IFA,5.0,1957.0,0.0025549310168625446,0.25549310168625444
offer,2025Q4,WIND,4.0,1957.0,0.002043944813490036,0.2043944813490036
offer,2025Q4,Viking,3.0,1957.0,0.0015329586101175269,0.1532958610117527
offer,2025Q4,Eleclink,1.0,1957.0,0.000510986203372509,0.0510986203372509
