predictor,source_column,feature,side,mean_abs_shap,conditional_mean_shap_when_active,conditional_mean_abs_shap_when_active,share_positive_shap_when_active,share_negative_shap_when_active,active_rows_in_shap_sample,active_weight_in_shap_sample,mdi,model_train_r2,shap_expected_value,overall_shap_rank,side_shap_rank,weighted_test_r2,weighted_test_mae,weighted_test_rmse,unweighted_test_r2,unweighted_test_mae,unweighted_test_rmse,holdout_cutoff,entity_id,identity_name,bmu_id,plant_family,technology,lead_party,global_rank,panel,resolution,technology_key,display_label
Generation type,marginal_fuel_type,CCGT_OFFER,OFFER,12.70898730781243,26.42563492531241,26.42563492531241,1.0,0.0,1722,1563.5916666666667,0.2386391022909469,0.3672761722108705,82.35669360361806,1,1,0.5087312928596828,20.16447544881076,29.181522201315317,0.5046488901873369,20.4178008292858,29.30251938051702,2025-05-26 SP14,CCGT,CCGT,—,—,CCGT,—,1,A,Technology,CCGT,CCGT · offer
Generation type,marginal_fuel_type,WIND_BID,BID,8.321242535538543,-56.78427240252166,56.78427240252166,0.0,1.0,693,486.6833333333333,0.2557682223845778,0.3672761722108705,82.35669360361806,2,1,0.5087312928596828,20.16447544881076,29.181522201315317,0.5046488901873369,20.4178008292858,29.30251938051702,2025-05-26 SP14,WIND,WIND,—,—,WIND,—,2,A,Technology,WIND,Wind · bid
Generation type,marginal_fuel_type,PS_OFFER,OFFER,6.152639766963642,31.76669078526191,31.76669078526191,1.0,0.0,638,612.2928571428572,0.1228139698536766,0.3672761722108705,82.35669360361806,3,2,0.5087312928596828,20.16447544881076,29.181522201315317,0.5046488901873369,20.4178008292858,29.30251938051702,2025-05-26 SP14,PS,PS,—,—,PS,—,3,A,Technology,PS,Pumped storage · offer
Generation type,marginal_fuel_type,CCGT_BID,BID,5.441972669623689,-10.584836789676531,10.584836789676531,0.0,1.0,2579,1755.9491452991451,0.0582460293478775,0.3672761722108705,82.35669360361806,4,2,0.5087312928596828,20.16447544881076,29.181522201315317,0.5046488901873369,20.4178008292858,29.30251938051702,2025-05-26 SP14,CCGT,CCGT,—,—,CCGT,—,4,A,Technology,CCGT,CCGT · bid
Generation type,marginal_fuel_type,BATTERY_BID,BID,4.148694462924343,-19.50096233129077,19.50096233129077,0.0,1.0,933,703.3518759018759,0.0604118428675448,0.3672761722108705,82.35669360361806,5,3,0.5087312928596828,20.16447544881076,29.181522201315317,0.5046488901873369,20.4178008292858,29.30251938051702,2025-05-26 SP14,BATTERY,BATTERY,—,—,BATTERY,—,5,A,Technology,BATTERY,Battery · bid
Generation type,marginal_fuel_type,BATTERY_OFFER,OFFER,3.2729541517457115,17.325506861903033,17.325506861903033,1.0,0.0,765,588.3031588294746,0.0463714135569786,0.3672761722108705,82.35669360361806,6,3,0.5087312928596828,20.16447544881076,29.181522201315317,0.5046488901873369,20.4178008292858,29.30251938051702,2025-05-26 SP14,BATTERY,BATTERY,—,—,BATTERY,—,6,A,Technology,BATTERY,Battery · offer
Generation type,marginal_fuel_type,BIOMASS_BID,BID,2.3242555496054447,-30.44187486488102,30.44187486488102,0.0,1.0,340,241.2996753246753,0.0458650212639052,0.3672761722108705,82.35669360361806,7,4,0.5087312928596828,20.16447544881076,29.181522201315317,0.5046488901873369,20.4178008292858,29.30251938051702,2025-05-26 SP14,BIOMASS,BIOMASS,—,—,BIOMASS,—,7,A,Technology,BIOMASS,Biomass · bid
Generation type,marginal_fuel_type,OTHER_BID,BID,1.355677920247321,-15.60314678220968,15.60314678220968,0.0,1.0,385,265.1266455766456,0.0212893635826016,0.3672761722108705,82.35669360361806,8,5,0.5087312928596828,20.16447544881076,29.181522201315317,0.5046488901873369,20.4178008292858,29.30251938051702,2025-05-26 SP14,OTHER,OTHER,—,—,OTHER,—,8,A,Technology,OTHER,Other · bid
Family ID,marginal_family_id,T_DINO_OFFER,OFFER,2.4604810058851503,27.796844995670497,27.796844995670497,1.0,0.0,157,152.91666666666666,0.1173168221787053,0.1887719861180565,82.36037528752183,1,1,0.1493953021971908,27.59139327851204,38.39832500331034,0.1601607083120586,27.45217064343264,38.15456321879331,2025-05-26 SP14,T_DINO,T_DINO,"T_DINO-1, T_DINO-2, T_DINO-3, T_DINO-4, T_DINO-5, T_DINO-6",T_DINO,PS,First Hydro Company,1,B,Plant family,PS,T_DINO · offer
Family ID,marginal_family_id,T_DRAXX_BID,BID,1.678007122881359,-24.771027857978225,24.771027857978225,0.0,1.0,180,123.29999999999998,0.0778077813368127,0.1887719861180565,82.36037528752183,2,1,0.1493953021971908,27.59139327851204,38.39832500331034,0.1601607083120586,27.45217064343264,38.15456321879331,2025-05-26 SP14,T_DRAXX,T_DRAXX,"T_DRAXX-1, T_DRAXX-2, T_DRAXX-3, T_DRAXX-4",T_DRAXX,BIOMASS,Drax Power Ltd,2,B,Plant family,BIOMASS,T_DRAXX · bid
Family ID,marginal_family_id,T_CNQPS_OFFER,OFFER,1.1267335485663563,30.73816748887128,30.73816748887128,1.0,0.0,69,65.91666666666667,0.0625683072261711,0.1887719861180565,82.36037528752183,3,2,0.1493953021971908,27.59139327851204,38.39832500331034,0.1601607083120586,27.45217064343264,38.15456321879331,2025-05-26 SP14,T_CNQPS,T_CNQPS,"T_CNQPS-1, T_CNQPS-2, T_CNQPS-3, T_CNQPS-4",T_CNQPS,CCGT,Uniper UK Limited,3,B,Plant family,CCGT,T_CNQPS · offer
Family ID,marginal_family_id,T_SEAB_OFFER,OFFER,0.969875820027302,23.574640353275765,23.574640353275765,1.0,0.0,78,72.83333333333333,0.040813643289336,0.1887719861180565,82.36037528752183,4,3,0.1493953021971908,27.59139327851204,38.39832500331034,0.1601607083120586,27.45217064343264,38.15456321879331,2025-05-26 SP14,T_SEAB,T_SEAB,"T_SEAB-1, T_SEAB-2",T_SEAB,CCGT,Seabank Power Limited,4,B,Plant family,CCGT,T_SEAB · offer
Family ID,marginal_family_id,T_RYHPS_OFFER,OFFER,0.9646717971818156,63.6542605896432,63.6542605896432,1.0,0.0,31,28.166666666666664,0.1114009662596271,0.1887719861180565,82.36037528752183,5,4,0.1493953021971908,27.59139327851204,38.39832500331034,0.1601607083120586,27.45217064343264,38.15456321879331,2025-05-26 SP14,T_RYHPS,T_RYHPS,T_RYHPS-1,T_RYHPS,CCGT,VPI Power Limited,5,B,Plant family,CCGT,T_RYHPS · offer
Family ID,marginal_family_id,T_CRUA_OFFER,OFFER,0.893222564185689,24.63988697372762,24.63988697372762,1.0,0.0,70,65.66666666666666,0.0459992666733997,0.1887719861180565,82.36037528752183,6,5,0.1493953021971908,27.59139327851204,38.39832500331034,0.1601607083120586,27.45217064343264,38.15456321879331,2025-05-26 SP14,T_CRUA,T_CRUA,"T_CRUA-1, T_CRUA-2, T_CRUA-3, T_CRUA-4",T_CRUA,PS,Drax Pumped Storage Limited,6,B,Plant family,PS,T_CRUA · offer
Family ID,marginal_family_id,T_COSO_OFFER,OFFER,0.7189728306008234,25.57988640481809,25.57988640481809,1.0,0.0,59,55.0,0.0345937948025086,0.1887719861180565,82.36037528752183,7,6,0.1493953021971908,27.59139327851204,38.39832500331034,0.1601607083120586,27.45217064343264,38.15456321879331,2025-05-26 SP14,T_COSO,T_COSO,T_COSO-1,T_COSO,CCGT,Coryton Energy Company Ltd,7,B,Plant family,CCGT,T_COSO · offer
Family ID,marginal_family_id,T_SHBA_OFFER,OFFER,0.6356289124403607,19.3411933668844,19.3411933668844,1.0,0.0,68,63.83333333333333,0.0250027321220396,0.1887719861180565,82.36037528752183,8,7,0.1493953021971908,27.59139327851204,38.39832500331034,0.1601607083120586,27.45217064343264,38.15456321879331,2025-05-26 SP14,T_SHBA,T_SHBA,"T_SHBA-1, T_SHBA-2",T_SHBA,CCGT,EP UK INVESTMENTS LIMITED,8,B,Plant family,CCGT,T_SHBA · offer
BMU ID,marginal_bmu_id,T_RYHPS-1_OFFER,OFFER,0.7453167149087673,57.07649058097317,57.07649058097317,1.0,0.0,11,10.5,0.1291359475052776,0.1390227409923853,82.36037528752148,1,1,0.0718864433550563,29.382295397846597,40.10965716026676,0.0874561108639911,29.181332817536816,39.771802331439154,2025-05-26 SP14,T_RYHPS-1,T_RYHPS-1,T_RYHPS-1,T_RYHPS,CCGT,VPI Power Limited,1,C,BMU,CCGT,T_RYHPS-1 · offer
BMU ID,marginal_bmu_id,T_COSO-1_OFFER,OFFER,0.6819095733818111,23.175455306498176,23.175455306498176,1.0,0.0,31,31.0,0.0428192010089806,0.1390227409923853,82.36037528752148,2,2,0.0718864433550563,29.382295397846597,40.10965716026676,0.0874561108639911,29.181332817536816,39.771802331439154,2025-05-26 SP14,T_COSO-1,Coryton Power Station,T_COSO-1,T_COSO,CCGT,Coryton Energy Company Ltd,2,C,BMU,CCGT,T_COSO-1 · offer
BMU ID,marginal_bmu_id,T_DRAXX-1_BID,BID,0.654445070845824,-36.228369110487286,36.228369110487286,0.0,1.0,17,17.0,0.0633970667012474,0.1390227409923853,82.36037528752148,3,1,0.0718864433550563,29.382295397846597,40.10965716026676,0.0874561108639911,29.181332817536816,39.771802331439154,2025-05-26 SP14,T_DRAXX-1,T_DRAXX-1,T_DRAXX-1,T_DRAXX,BIOMASS,Drax Power Ltd,3,C,BMU,BIOMASS,T_DRAXX-1 · bid
BMU ID,marginal_bmu_id,T_SEAB-1_OFFER,OFFER,0.5527896313024572,17.98911870236082,17.98911870236082,1.0,0.0,29,28.333333333333336,0.0297198822581751,0.1390227409923853,82.36037528752148,4,3,0.0718864433550563,29.382295397846597,40.10965716026676,0.0874561108639911,29.181332817536816,39.771802331439154,2025-05-26 SP14,T_SEAB-1,Seabank Power Module,T_SEAB-1,T_SEAB,CCGT,Seabank Power Limited,4,C,BMU,CCGT,T_SEAB-1 · offer
BMU ID,marginal_bmu_id,T_DINO-2_OFFER,OFFER,0.5276027080594067,24.510164889059645,24.510164889059645,1.0,0.0,21,20.5,0.0485127362080954,0.1390227409923853,82.36037528752148,5,4,0.0718864433550563,29.382295397846597,40.10965716026676,0.0874561108639911,29.181332817536816,39.771802331439154,2025-05-26 SP14,T_DINO-2,Dinorwig 2,T_DINO-2,T_DINO,PS,First Hydro Company,5,C,BMU,PS,T_DINO-2 · offer
BMU ID,marginal_bmu_id,T_HUMR-1_OFFER,OFFER,0.4850302511858848,19.203225774690942,19.203225774690942,1.0,0.0,27,25.5,0.0269772836385931,0.1390227409923853,82.36037528752148,6,5,0.0718864433550563,29.382295397846597,40.10965716026676,0.0874561108639911,29.181332817536816,39.771802331439154,2025-05-26 SP14,T_HUMR-1,HUMR-1,T_HUMR-1,T_HUMR_CC,CCGT,VPI Immingham LLP,6,C,BMU,CCGT,T_HUMR-1 · offer
BMU ID,marginal_bmu_id,T_DAMC-1_OFFER,OFFER,0.4680404423500507,20.176451525228167,20.176451525228167,1.0,0.0,21,19.33333333333333,0.0316632574995655,0.1390227409923853,82.36037528752148,7,6,0.0718864433550563,29.382295397846597,40.10965716026676,0.0874561108639911,29.181332817536816,39.771802331439154,2025-05-26 SP14,T_DAMC-1,Damhead Creek Ltd.,T_DAMC-1,T_DAMC,CCGT,VPI Power Limited,7,C,BMU,CCGT,T_DAMC-1 · offer
BMU ID,marginal_bmu_id,T_CRUA-1_OFFER,OFFER,0.4013014512674345,21.107617606819662,21.107617606819662,1.0,0.0,15,15.0,0.0327595001879057,0.1390227409923853,82.36037528752148,8,7,0.0718864433550563,29.382295397846597,40.10965716026676,0.0874561108639911,29.181332817536816,39.771802331439154,2025-05-26 SP14,T_CRUA-1,T_CRUA-1,T_CRUA-1,T_CRUA,PS,Drax Pumped Storage Limited,8,C,BMU,PS,T_CRUA-1 · offer
